# Домашнее задание к занятию «SQL. Часть 1» - Минин Александр


### Задание 1

Получите уникальные названия районов из таблицы с адресами, которые начинаются на “K” и заканчиваются на “a” и не содержат пробелов.

### Решение 1
```
mysql> SELECT district FROM address WHERE district RLIKE '^K[a-z]*a$';
+-----------+
| district  |
+-----------+
| Kanagawa  |
| Kalmykia  |
| Kaduna    |
| Karnataka |
| Kanagawa  |
| Karnataka |
| Kerala    |
| Kitaa     |
| Kaduna    |
| Karnataka |
| Kerala    |
| Karnataka |
| Karnataka |
+-----------+
```
### Задание 2

Получите из таблицы платежей за прокат фильмов информацию по платежам, которые выполнялись в промежуток с 15 июня 2005 года по 18 июня 2005 года **включительно** и стоимость которых превышает 10.00.

### Решение 2
```
mysql> SELECT payment_id, customer_id, staff_id, rental_id, amount, payment_date FROM payment 
WHERE amount > 10 AND payment_date BETWEEN '2005-06-15 00:00:00 AND '2005-06-18 23:59:59' 
ORDER BY payment_date;

+------------+-------------+----------+-----------+--------+---------------------+
| payment_id | customer_id | staff_id | rental_id | amount | payment_date        |
+------------+-------------+----------+-----------+--------+---------------------+
|        908 |          33 |        1 |      1301 |  10.99 | 2005-06-15 09:46:33 |
|      14620 |         544 |        2 |      1434 |  10.99 | 2005-06-15 18:30:46 |
|      13892 |         516 |        1 |      1718 |  10.99 | 2005-06-16 14:52:02 |
|      15313 |         572 |        2 |      1889 |  10.99 | 2005-06-17 04:05:12 |
|       7017 |         260 |        1 |      2091 |  10.99 | 2005-06-17 18:09:04 |
|       8272 |         305 |        1 |      2166 |  11.99 | 2005-06-17 23:51:21 |
|      12888 |         477 |        1 |      2306 |  10.99 | 2005-06-18 08:33:23 |
+------------+-------------+----------+-----------+--------+---------------------+
7 rows in set (0.01 sec)

mysql>
```
### Задание 3

Получите последние пять аренд фильмов.

### Решение 3
```
mysql> SELECT rental_id,
    ->        rental_date,
    ->        inventory_id,
    ->        customer_id,
    ->        return_date,
    ->        staff_id
    -> FROM rental
    -> ORDER BY rental_date DESC
    -> LIMIT 5;
+-----------+---------------------+--------------+-------------+-------------+----------+
| rental_id | rental_date         | inventory_id | customer_id | return_date | staff_id |
+-----------+---------------------+--------------+-------------+-------------+----------+
|     11739 | 2006-02-14 15:16:03 |         4568 |         373 | NULL        |        2 |
|     14616 | 2006-02-14 15:16:03 |         4537 |         532 | NULL        |        1 |
|     11676 | 2006-02-14 15:16:03 |         4496 |         216 | NULL        |        2 |
|     15966 | 2006-02-14 15:16:03 |         4472 |         374 | NULL        |        1 |
|     13486 | 2006-02-14 15:16:03 |         4460 |         274 | NULL        |        1 |
+-----------+---------------------+--------------+-------------+-------------+----------+
5 rows in set (0.00 sec)

mysql>
```

### Задание 4

Одним запросом получите активных покупателей, имена которых Kelly или Willie. 

Сформируйте вывод в результат таким образом:
- все буквы в фамилии и имени из верхнего регистра переведите в нижний регистр,
- замените буквы 'll' в именах на 'pp'.

### Решение 4
```
mysql> SELECT
    ->     REPLACE(LOWER(first_name), 'll', 'pp') AS modified_first_name,
    ->     LOWER(last_name) AS modified_last_name
    -> FROM customer
    -> WHERE active = 1
    ->   AND first_name IN ('KELLY', 'WILLIE');
+---------------------+--------------------+
| modified_first_name | modified_last_name |
+---------------------+--------------------+
| keppy               | torres             |
| wippie              | howell             |
| wippie              | markham            |
| keppy               | knott              |
+---------------------+--------------------+
4 rows in set (0.00 sec)

mysql>
```

## Дополнительные задания (со звёздочкой*)
Эти задания дополнительные, то есть не обязательные к выполнению, и никак не повлияют на получение вами зачёта по этому домашнему заданию. Вы можете их выполнить, если хотите глубже шире разобраться в материале.

### Задание 5*

Выведите Email каждого покупателя, разделив значение Email на две отдельных колонки: в первой колонке должно быть значение, указанное до @, во второй — значение, указанное после @.

### Решение 5

### Задание 6*

Доработайте запрос из предыдущего задания, скорректируйте значения в новых колонках: первая буква должна быть заглавной, остальные — строчными.

### Решение 6
